store_id,order_ts,net_revenue,gross_revenue,discount_amount,order_count
13,2024-09-11,36.5299987792969,33.8199996948242,0,1
16,2024-09-11,63.4300003051758,58.7299995422363,0,1
17,2024-09-11,34.4900016784668,31.9400005340576,0,1
23,2024-09-11,49.8400001525879,46.1399993896484,9.22000026702881,1
2,2024-09-12,45.5699996948242,42.2000007629395,0,1
3,2024-09-12,26,24.0799999237061,0,1
6,2024-09-12,23.9200000762939,22.1499996185303,0,1
15,2024-09-12,28.0699996948242,25.9799995422363,0,1
1,2024-09-13,21.5699996948242,19.9699993133545,0,1
4,2024-09-13,35.0900001525879,32.4900016784668,0,1
6,2024-09-13,30.2700004577637,28.0300006866455,5.59999990463257,1
10,2024-09-13,27.2399997711182,25.2299995422363,0,1
18,2024-09-14,24.7199993133545,22.8899993896484,0,1
23,2024-09-14,28.9500007629395,26.8099994659424,0,1
2,2024-09-15,43.8600006103516,40.6100006103516,8.13000011444092,1
5,2024-09-15,44.6100006103516,41.310001373291,0,1
11,2024-09-15,30.7600002288818,28.4899997711182,0,1
17,2024-09-15,31.2900009155273,28.9699993133545,6,1
22,2024-09-15,27.3199996948242,25.2999992370605,5.55999994277954,1
20,2024-09-18,47.3699989318848,43.8600006103516,0,1
22,2024-09-18,55.2799987792969,51.1800003051758,10.2299995422363,1
6,2024-09-19,29.5799999237061,27.3899993896484,0,1
7,2024-09-19,22.2900009155273,20.6499996185303,4.11999988555908,1
8,2024-09-19,55.8800010681152,51.7400016784668,0,1
15,2024-09-19,36.7999992370605,34.0699996948242,0.349999994039536,1
17,2024-09-19,34.3600006103516,31.8199996948242,0,1
7,2024-09-20,26.7199993133545,24.7299995422363,0,1
13,2024-09-20,82.560001373291,76.439998626709,0,2
16,2024-09-20,45.5099983215332,42.1399993896484,6,1
7,2024-09-21,53.0200004577637,49.0900001525879,0,1
10,2024-09-21,36.7900009155273,34.0699996948242,0,1
12,2024-09-21,43.6300010681152,40.4000015258789,0,1
16,2024-09-21,30.1000003814697,27.8700008392334,0,1
18,2024-09-21,46.3600006103516,42.9300003051758,0,1
8,2024-09-22,28.1299991607666,26.0499992370605,0,1
13,2024-09-22,36.8400001525879,34.1100006103516,0,1
15,2024-09-22,34.8400001525879,32.2599983215332,0,1
23,2024-09-22,33.4300003051758,30.9500007629395,0,1
2,2024-09-23,35.2200012207031,32.6100006103516,0,1
5,2024-09-23,30.7800006866455,28.5,5.69999980926514,1
1,2024-09-24,48.7200012207031,45.1100006103516,0,1
17,2024-09-24,37.9799995422363,35.1699981689453,6,1
14,2024-09-26,47.0299987792969,43.5499992370605,0,1
15,2024-09-26,19.8500003814697,18.3799991607666,0,1
16,2024-09-26,21.0799999237061,19.5200004577637,0,1
19,2024-09-26,40.0800018310547,37.1100006103516,0,1
17,2024-09-27,40.2799987792969,37.2900009155273,0,1
22,2024-09-27,28.4599990844727,26.3500003814697,0,1
16,2024-09-28,39.5299987792969,36.5900001525879,0,1
17,2024-09-28,46.8199996948242,43.3499984741211,0,1
9,2024-09-29,24.5699996948242,22.7399997711182,0,1
14,2024-09-29,26.2800006866455,24.3299999237061,0,1
16,2024-09-29,61.0800018310547,56.560001373291,0,1
19,2024-09-29,33.0800018310547,30.6299991607666,0,1
21,2024-09-29,20.9799995422363,19.4300003051758,5.40000009536743,1
3,2024-09-30,37.3499984741211,34.5900001525879,0,1
5,2024-09-30,23.1399993896484,21.4300003051758,0,1
1,2024-10-01,39.7099990844727,36.7700004577637,0,1
2,2024-10-01,53.25,49.310001373291,0,1
13,2024-10-01,48.9500007629395,45.3300018310547,0,1
20,2024-10-03,26.6499996185303,24.6800003051758,4.94000005722046,1
18,2024-10-04,29.4699993133545,27.2800006866455,0,1
24,2024-10-04,44.8499984741211,41.5200004577637,0,1
12,2024-10-05,40.5,37.5,0,1
16,2024-10-05,78.3700008392334,72.560001373291,9,2
17,2024-10-05,19.5699996948242,18.1100006103516,5.59000015258789,1
23,2024-10-05,49.2799987792969,45.6199989318848,0,1
9,2024-10-06,24.0699996948242,22.2900009155273,0,1
20,2024-10-06,27.8999996185303,25.8400001525879,0,1
6,2024-10-07,51.1399993896484,47.3499984741211,6,1
9,2024-10-07,45.7700004577637,42.3700008392334,0,2
5,2024-10-08,28.0499992370605,25.9799995422363,0,1
22,2024-10-08,33.0999984741211,30.6499996185303,0,1
5,2024-10-09,67.0100021362305,62.0499992370605,0,1
8,2024-10-09,45.0299987792969,41.7000007629395,0,1
9,2024-10-09,13.8599996566772,12.8299999237061,0,1
23,2024-10-10,27.9300003051758,25.8500003814697,0,1
8,2024-10-11,30.1900005340576,27.9500007629395,0,1
14,2024-10-11,33.5800018310547,31.0900001525879,0,1
22,2024-10-11,56.2099990844727,52.0499992370605,0,1
25,2024-10-11,32.4000015258789,30,6,1
7,2024-10-12,25.75,23.8400001525879,0,1
6,2024-10-13,62.2599983215332,57.6399993896484,0,1
10,2024-10-13,44.7200012207031,41.4099998474121,0,1
11,2024-10-13,33.1199989318848,30.6700000762939,0,1
24,2024-10-13,35.8499984741211,33.2000007629395,0,1
25,2024-10-13,46.8199996948242,43.3499984741211,0,1
13,2024-10-14,42.5499992370605,39.3899993896484,0,1
21,2024-10-14,36.0800018310547,33.4099998474121,0,1
24,2024-10-14,18.7800006866455,17.3899993896484,0,1
2,2024-10-15,14.6700000762939,13.5900001525879,5.8899998664856,1
5,2024-10-15,41.0499992370605,38.0099983215332,0,1
6,2024-10-15,30.1399993896484,27.9099998474121,0,1
24,2024-10-16,14.1300001144409,13.0900001525879,0,1
1,2024-10-17,28.3600006103516,26.2600002288818,0,1
13,2024-10-17,31.5900001525879,29.25,0,1
17,2024-10-17,47.0900001525879,43.6100006103516,0,1
9,2024-10-19,70.0500030517578,64.8600006103516,0,1
4,2024-10-20,38.9799995422363,36.0900001525879,0,1
3,2024-10-21,24.7099990844727,22.8700008392334,0,1
11,2024-10-21,32.3899993896484,29.9899997711182,0,1
16,2024-10-21,72.629997253418,67.25,0,2
18,2024-10-21,23.5799999237061,21.8299999237061,0,1
8,2024-10-22,40.9500007629395,37.9099998474121,14.1999998092651,1
9,2024-10-22,25.8700008392334,23.9500007629395,0,1
20,2024-10-22,33.9199981689453,31.3999996185303,6.36999988555908,1
3,2024-10-23,46.0499992370605,42.6399993896484,8.52000045776367,1
22,2024-10-23,36.7400016784668,34.0099983215332,0,1
5,2024-10-24,42.2700004577637,39.1399993896484,0,1
14,2024-10-24,85.4400024414063,79.1100006103516,0,2
15,2024-10-25,30.2299995422363,27.9899997711182,0,1
10,2024-10-26,26.3299999237061,24.3799991607666,0,1
25,2024-10-26,52.6300010681152,48.7299995422363,0,1
16,2024-10-27,27.8799991607666,25.8099994659424,0,1
17,2024-10-27,29.5799999237061,27.3899993896484,0,1
1,2024-10-28,34.439998626709,31.8899993896484,0,1
13,2024-10-28,33.7200012207031,31.2199993133545,0,1
23,2024-10-28,30.1599998474121,27.9200000762939,0,1
6,2024-10-29,47.0499992370605,43.5699996948242,0,1
10,2024-10-29,20.8099994659424,19.2700004577637,0,1
4,2024-10-30,31.7099990844727,29.3600006103516,6,1
12,2024-10-30,24.1499996185303,22.3600006103516,4.46999979019165,1
20,2024-10-30,52.0900001525879,48.2299995422363,0,1
23,2024-10-30,21.1700000762939,19.6100006103516,0,1
7,2024-10-31,18.8500003814697,17.4599990844727,0,1
18,2024-10-31,37.2000007629395,34.4500007629395,0,1
16,2024-11-01,23.7399997711182,21.9799995422363,0,1
7,2024-11-02,31.8299999237061,29.4699993133545,0,1
14,2024-11-02,36.5400009155273,33.8300018310547,0,1
13,2024-11-04,18.8299999237061,17.4300003051758,0,1
25,2024-11-04,53.4000015258789,49.439998626709,0,1
1,2024-11-05,28.9799995422363,26.8299999237061,0,1
19,2024-11-05,27.8199996948242,25.75,0,1
25,2024-11-05,40.8800010681152,37.8499984741211,0,1
11,2024-11-06,44.6599998474121,41.3499984741211,6,1
18,2024-11-06,33.0299987792969,30.5900001525879,0,1
20,2024-11-06,45.2000007629395,41.8499984741211,0,1
17,2024-11-07,34.0200004577637,31.5100002288818,0,1
1,2024-11-09,35.9300003051758,33.2700004577637,0,1
23,2024-11-09,16.3500003814697,15.1400003433228,0,1
5,2024-11-10,36.0299987792969,33.3600006103516,0,1
10,2024-11-10,33.9900016784668,31.4699993133545,0,1
12,2024-11-10,22.8999996185303,21.2099990844727,0,1
20,2024-11-10,31.2000007629395,28.8899993896484,0,1
2,2024-11-11,32.6300010681152,30.2099990844727,0,1
7,2024-11-11,40.9099998474121,37.8800010681152,0,1
8,2024-11-11,44.8400001525879,41.5200004577637,8.30000019073486,1
10,2024-11-11,29.6000003814697,27.4099998474121,0,1
14,2024-11-11,26,24.0799999237061,4.80999994277954,1
5,2024-11-12,38.3300018310547,35.4900016784668,7.09999990463257,1
8,2024-11-12,31.5900001525879,29.25,0,1
21,2024-11-12,32.5400009155273,30.1200008392334,0,1
20,2024-11-13,37.3499984741211,34.5800018310547,0,1
16,2024-11-14,76.3000030517578,70.6499977111816,0,2
17,2024-11-14,17.3199996948242,16.0300006866455,0,1
21,2024-11-14,28.3799991607666,26.2800006866455,0,1
12,2024-11-15,22.4400005340576,20.7800006866455,0,1
16,2024-11-15,25.4400005340576,23.5599994659424,0,1
18,2024-11-15,40.5900001525879,37.5900001525879,0,1
19,2024-11-15,20.6900005340576,19.1599998474121,0,1
5,2024-11-16,52.4600009918213,48.5799999237061,0,2
8,2024-11-16,28.6700000762939,26.5499992370605,0,1
21,2024-11-16,31.2299995422363,28.9099998474121,0,1
24,2024-11-16,39.189998626709,36.2799987792969,0,1
11,2024-11-17,53.8300018310547,49.8400001525879,0,1
19,2024-11-17,25.5400009155273,23.6499996185303,0,1
2,2024-11-18,30.3500003814697,28.1000003814697,0,1
23,2024-11-18,53.4799995422363,49.5200004577637,6,1
17,2024-11-19,35.2599983215332,32.6500015258789,0,1
13,2024-11-21,29.0200004577637,26.8700008392334,0,1
15,2024-11-21,22.5699996948242,20.8899993896484,0,1
16,2024-11-21,32.939998626709,30.5,0,1
9,2024-11-22,44.5999984741211,41.2900009155273,0,1
12,2024-11-22,48.4700012207031,44.8800010681152,8.97000026702881,1
13,2024-11-22,26.4799995422363,24.5200004577637,0,1
4,2024-11-23,42.2900009155273,39.1500015258789,0,1
5,2024-11-23,47.8300018310547,44.2900009155273,6,1
14,2024-11-23,24.5100002288818,22.7000007629395,0,1
23,2024-11-23,34.1199989318848,31.6000003814697,0,1
2,2024-11-24,22.8299999237061,21.1399993896484,0,1
13,2024-11-24,29.7299995422363,27.5200004577637,0,1
17,2024-11-24,34.25,31.7199993133545,6,1
21,2024-11-24,60.4300022125244,55.9600009918213,0,2
21,2024-11-25,32.8800010681152,30.4500007629395,0,1
19,2024-11-26,28.0900001525879,26.0100002288818,5.19999980926514,1
20,2024-11-26,51.2000007629395,47.4099998474121,6,1
1,2024-11-27,14.1999998092651,13.1499996185303,0,1
7,2024-11-27,18.3899993896484,17.0300006866455,0,1
12,2024-11-27,21.2199993133545,19.6499996185303,0,1
14,2024-11-27,25.9699993133545,24.0499992370605,0,1
7,2024-11-28,30.75,28.4699993133545,0,1
19,2024-11-28,53.5200004577637,49.560001373291,0,1
11,2024-11-29,23.6700000762939,21.9099998474121,0,1
19,2024-11-29,20.4599990844727,18.9500007629395,0,1
20,2024-11-29,40.4599990844727,37.4700012207031,0,1
6,2024-11-30,51.0099983215332,47.2299995422363,0,1
21,2024-11-30,30.9599990844727,28.6700000762939,0,1
8,2024-12-01,19.1499996185303,17.7199993133545,0,1
14,2024-12-01,32.6300010681152,30.2099990844727,0,1
15,2024-12-01,31,28.7000007629395,0,1
4,2024-12-02,25.6499996185303,23.75,0,1
15,2024-12-02,52.2299995422363,48.3600006103516,0,1
17,2024-12-02,55.1300010681152,51.0499992370605,0,1
19,2024-12-02,22.6700000762939,20.9899997711182,0,1
20,2024-12-02,34.1800003051758,31.6499996185303,0,1
9,2024-12-03,50.3400001525879,46.6100006103516,0,1
13,2024-12-03,26.5,24.5400009155273,0,1
3,2024-12-04,29.8299999237061,27.6200008392334,0,1
15,2024-12-04,26.9599990844727,24.9599990844727,0,1
10,2024-12-05,52.9000015258789,48.9799995422363,0,1
11,2024-12-05,46.1199989318848,42.7000007629395,0,1
6,2024-12-06,29.0100002288818,26.8600006103516,0,1
9,2024-12-06,49.0499992370605,45.4099998474121,0,2
11,2024-12-06,45.8400001525879,42.4500007629395,0,2
16,2024-12-06,25.7099990844727,23.8099994659424,0,1
18,2024-12-06,31.7999992370605,29.4500007629395,0,1
4,2024-12-07,47.7999992370605,44.2599983215332,0,1
9,2024-12-07,44.8400001525879,41.5099983215332,0,1
20,2024-12-07,55.9099998474121,51.7700004577637,0,1
23,2024-12-07,20.7099990844727,19.1800003051758,0,1
22,2024-12-08,43.0699996948242,39.8800010681152,0,1
1,2024-12-09,26.6800003051758,24.7099990844727,0,1
4,2024-12-09,52.6800003051758,48.7799987792969,0,1
19,2024-12-09,23.3899993896484,21.6499996185303,0,1
22,2024-12-09,19.5799999237061,18.1299991607666,0,1
7,2024-12-10,49.7000007629395,46.0099983215332,0,1
11,2024-12-10,19.3999996185303,17.9599990844727,0,1
12,2024-12-10,53.2299995422363,49.2900009155273,0,1
16,2024-12-10,47.6199989318848,44.0900001525879,0,1
21,2024-12-10,45.8600006103516,42.4599990844727,0,1
8,2024-12-11,22.6900005340576,21.0100002288818,0,1
17,2024-12-11,22.9400005340576,21.25,0,1
19,2024-12-11,18.0300006866455,16.7000007629395,0,1
20,2024-12-11,23.8999996185303,22.1399993896484,0,1
6,2024-12-12,54.25,50.2299995422363,0,1
20,2024-12-12,33.7599983215332,31.25,6.25,1
7,2024-12-13,54.7299995422363,50.6800003051758,0,1
4,2024-12-14,43.6800003051758,40.439998626709,0,1
5,2024-12-14,50.3899993896484,46.6599998474121,0,1
20,2024-12-14,33.7799987792969,31.2800006866455,0,1
7,2024-12-15,19.6399993896484,18.1900005340576,0,1
14,2024-12-15,30.8700008392334,28.5799999237061,0,1
11,2024-12-16,54.2299995422363,50.2099990844727,0,1
17,2024-12-16,36.1800003051758,33.5,0,1
21,2024-12-16,42.6399993896484,39.4799995422363,0,1
25,2024-12-16,38.2200012207031,35.3899993896484,0,1
2,2024-12-17,45.9799995422363,42.5699996948242,0,1
10,2024-12-18,87.2900009155273,80.8300018310547,0,2
20,2024-12-18,71.3199996948242,66.0400009155273,0,1
1,2024-12-19,32.5699996948242,30.1599998474121,0,1
2,2024-12-19,35.1100006103516,32.5099983215332,0,1
9,2024-12-19,37.1500015258789,34.3899993896484,0,1
13,2024-12-19,38.4000015258789,35.560001373291,0,1
14,2024-12-19,24.7700004577637,22.9300003051758,0,1
5,2024-12-20,32.2000007629395,29.8099994659424,0,1
18,2024-12-20,27.7199993133545,25.6700000762939,0,1
19,2024-12-20,35.8699989318848,33.2099990844727,0,1
22,2024-12-20,16.3600006103516,15.1499996185303,0,1
3,2024-12-21,42.1699981689453,39.0400009155273,6,1
18,2024-12-21,36.0499992370605,33.3800010681152,0,1
19,2024-12-21,46.2999992370605,42.8699989318848,0,1
19,2024-12-22,28.4300003051758,26.3299999237061,0,1
21,2024-12-22,34.2099990844727,31.6800003051758,6,1
17,2024-12-23,41.0900001525879,38.0499992370605,0,1
18,2024-12-23,36.3800010681152,33.6800003051758,0,1
20,2024-12-24,62.5999984741211,57.9599990844727,0,1
17,2024-12-25,46.4300003051758,42.9900016784668,0,1
23,2024-12-25,59.730001449585,55.310001373291,0,2
3,2024-12-26,25.0200004577637,23.1599998474121,0,1
18,2024-12-26,26.1900005340576,24.25,0,1
2,2024-12-27,34.1699981689453,31.6399993896484,0,1
3,2024-12-27,55.189998626709,51.1100025177002,0,2
6,2024-12-27,65.9000015258789,61.0200004577637,0,1
11,2024-12-27,32.2200012207031,29.8299999237061,0,1
22,2024-12-27,37.9599990844727,35.1500015258789,0,1
4,2024-12-28,35.5800018310547,32.939998626709,0,1
7,2024-12-28,51.0700016021729,47.2799987792969,0,2
16,2024-12-28,37.1699981689453,34.4099998474121,0,1
18,2024-12-28,71.4200019836426,66.1199989318848,6,2
22,2024-12-28,26.8899993896484,24.8999996185303,0,1
13,2024-12-29,16.6100006103516,15.3800001144409,0,1
9,2024-12-30,46.7299995422363,43.2700004577637,0,1
18,2024-12-30,17.3600006103516,16.0799999237061,0,1
6,2024-12-31,22.6100006103516,20.9400005340576,0,1
10,2024-12-31,39.7799987792969,36.8300018310547,0,1
19,2024-12-31,26.0900001525879,24.1599998474121,0,1
14,2025-01-01,27.7399997711182,25.6900005340576,0,1
2,2025-01-02,61.1299991607666,56.6000003814697,0,2
20,2025-01-02,37.7799987792969,34.9900016784668,0,1
24,2025-01-02,45,41.6699981689453,0,1
2,2025-01-03,50.3699989318848,46.6399993896484,0,1
8,2025-01-03,33.3699989318848,30.8999996185303,0,1
15,2025-01-03,34.6100006103516,32.0400009155273,0,1
23,2025-01-03,30.5599994659424,28.2900009155273,0,1
19,2025-01-04,23.75,21.9899997711182,0,1
23,2025-01-04,47.2299995422363,43.7299995422363,0,1
7,2025-01-05,34.6300010681152,32.0699996948242,0,1
19,2025-01-05,37.3400001525879,34.5800018310547,0,1
6,2025-01-06,51.4700012207031,47.6599998474121,0,2
25,2025-01-06,57.75,53.4700012207031,6,1
4,2025-01-07,28.4599990844727,26.3500003814697,0,1
15,2025-01-07,22.2199993133545,20.5699996948242,0,1
6,2025-01-08,46.4900016784668,43.0499992370605,0,1
8,2025-01-08,40.0699996948242,37.0999984741211,0,1
17,2025-01-08,23.9200000762939,22.1499996185303,4.42999982833862,1
19,2025-01-08,42.4000015258789,39.2599983215332,0,1
19,2025-01-09,25.8299999237061,23.9200000762939,5.59000015258789,1
11,2025-01-10,19.4300003051758,17.9899997711182,0,1
13,2025-01-10,85.8199996948242,79.4699974060059,5.69000005722046,2
17,2025-01-10,49.0800018310547,45.439998626709,0,1
22,2025-01-10,38.9900016784668,36.0999984741211,0,1
6,2025-01-11,24.7199993133545,22.8899993896484,0,1
8,2025-01-11,27.6399993896484,25.5900001525879,0,1
10,2025-01-11,24.1700000762939,22.3700008392334,0,1
17,2025-01-11,33.2900009155273,30.8299999237061,0,1
25,2025-01-11,30.4899997711182,28.2299995422363,0,1
8,2025-01-12,25.3199996948242,23.4500007629395,0,1
23,2025-01-12,32.6199989318848,30.2099990844727,0,1
9,2025-01-13,23.4799995422363,21.7299995422363,0,1
22,2025-01-13,53.8400001525879,49.8499984741211,0,1
25,2025-01-13,36.9700012207031,34.2400016784668,0,1
11,2025-01-14,21.1399993896484,19.5799999237061,0,1
16,2025-01-14,44.689998626709,41.3899993896484,0,1
24,2025-01-14,18.2000007629395,16.8500003814697,0,1
1,2025-01-15,29.6100006103516,27.4200000762939,6.8600001335144,1
9,2025-01-15,39.7799987792969,36.8300018310547,0,1
11,2025-01-15,56.560001373291,52.3699989318848,0,1
14,2025-01-15,39.2700004577637,36.3600006103516,0,1
15,2025-01-15,40.560001373291,37.560001373291,0,1
17,2025-01-15,38.6800003051758,35.8199996948242,0,1
24,2025-01-15,46.2799987792969,42.8600006103516,0,1
4,2025-01-16,102.78999710083,95.1800003051758,0,2
8,2025-01-16,32.75,30.3299999237061,0,1
10,2025-01-16,28.9899997711182,26.8400001525879,0,1
19,2025-01-17,33.8300018310547,31.3299999237061,0,1
11,2025-01-18,27.4799995422363,25.4400005340576,0,1
5,2025-01-19,43.9700012207031,40.7099990844727,0,1
18,2025-01-20,24.3099994659424,22.5100002288818,10.8900003433228,1
21,2025-01-20,29.7600002288818,27.5499992370605,5.5,1
4,2025-01-22,36.8300018310547,34.0999984741211,0,1
6,2025-01-22,44.1500015258789,40.8800010681152,0,1
7,2025-01-22,44.9199981689453,41.5900001525879,0,1
17,2025-01-22,36.6300010681152,33.9199981689453,0,1
24,2025-01-22,37.3199996948242,34.5499992370605,0,1
13,2025-01-23,35.6699981689453,33.0299987792969,0,1
8,2025-01-24,48.4799995422363,44.8899993896484,8.97999954223633,1
16,2025-01-24,26.2299995422363,24.2800006866455,0,1
11,2025-01-25,25.3700008392334,23.4899997711182,0,1
25,2025-01-25,11.5799999237061,10.7299995422363,0,1
1,2025-01-26,44.6500015258789,41.3400001525879,0,1
16,2025-01-26,61.189998626709,56.6599998474121,6,1
18,2025-01-26,39.2099990844727,36.2999992370605,0,1
21,2025-01-26,29.6100006103516,27.4200000762939,0,1
7,2025-01-27,23.3500003814697,21.6200008392334,0,1
22,2025-01-27,25.0499992370605,23.1900005340576,0,1
3,2025-01-28,40.6599998474121,37.6399993896484,0,1
4,2025-01-28,22.8299999237061,21.1399993896484,4.21999979019165,1
11,2025-01-28,37.75,34.9599990844727,0,1
24,2025-01-28,31.2800006866455,28.9599990844727,0,1
13,2025-01-29,30.8299999237061,28.5400009155273,0,1
16,2025-01-29,25.8400001525879,23.9300003051758,0,1
20,2025-01-29,42.3199996948242,39.189998626709,0,1
10,2025-01-30,33.6399993896484,31.1399993896484,6,1
22,2025-01-30,59.2900009155273,54.9000015258789,0,2
3,2025-01-31,23.5100002288818,21.7700004577637,4.34999990463257,1
15,2025-01-31,32.0800018310547,29.7000007629395,0,1
18,2025-01-31,42.75,39.5900001525879,0,1
23,2025-01-31,30.6000003814697,28.3400001525879,0,1
6,2025-02-01,23.75,21.9899997711182,0,1
8,2025-02-01,47.2299995422363,43.7299995422363,0,1
10,2025-02-01,37.3300018310547,34.5699996948242,0,1
12,2025-02-01,33.3800010681152,30.8999996185303,0,1
18,2025-02-01,50.9099998474121,47.1399993896484,0,1
2,2025-02-02,20.6700000762939,19.1299991607666,0,1
4,2025-02-02,29.9799995422363,27.7600002288818,0,1
7,2025-02-02,68.519998550415,63.4400024414063,0,2
14,2025-02-02,34.9099998474121,32.3199996948242,0,1
25,2025-02-03,24.4500007629395,22.6399993896484,0,1
3,2025-02-04,43.8600006103516,40.6100006103516,0,1
14,2025-02-04,27.6900005340576,25.6399993896484,0,1
21,2025-02-05,31.1900005340576,28.8799991607666,0,1
23,2025-02-05,31.8199996948242,29.4599990844727,0,1
3,2025-02-06,59.5999984741211,55.1800003051758,0,1
9,2025-02-06,29.8700008392334,27.6499996185303,12.4399995803833,1
11,2025-02-06,28.2999992370605,26.2000007629395,0,1
21,2025-02-06,39.2000007629395,36.2900009155273,0,1
22,2025-02-06,48.1699981689453,44.6100006103516,0,1
2,2025-02-07,26.7800006866455,24.7999992370605,0,1
14,2025-02-07,20.3500003814697,18.8400001525879,0,1
9,2025-02-08,31.3299999237061,29,0,1
16,2025-02-08,75.0299987792969,69.4700012207031,0,1
7,2025-02-09,42.9500007629395,39.7700004577637,0,1
11,2025-02-09,46.9300003051758,43.4599990844727,0,1
12,2025-02-09,27.8799991607666,25.8099994659424,0,1
8,2025-02-10,29.5499992370605,27.3600006103516,0,1
15,2025-02-10,28.3999996185303,26.2999992370605,0,1
8,2025-02-11,38.6699981689453,35.810001373291,0,1
13,2025-02-11,27.5300006866455,25.4899997711182,0,1
15,2025-02-11,38.4900016784668,35.6399993896484,0,1
16,2025-02-11,33.9199981689453,31.3999996185303,0,1
18,2025-02-11,22.5,20.8299999237061,6,1
17,2025-02-12,34.4500007629395,31.8899993896484,0,1
19,2025-02-12,44.7700004577637,41.4500007629395,0,1
22,2025-02-12,22.6200008392334,20.9500007629395,0,1
23,2025-02-12,36.4599990844727,33.7599983215332,0,1
1,2025-02-13,35.3800010681152,32.7599983215332,0,1
9,2025-02-13,38.189998626709,35.3600006103516,0,1
2,2025-02-14,28.2900009155273,26.2000007629395,0,1
15,2025-02-14,54.5900001525879,50.5499992370605,0,1
23,2025-02-14,26.7800006866455,24.7999992370605,0,1
8,2025-02-15,33.5900001525879,31.1000003814697,0,1
12,2025-02-15,46.7099990844727,43.25,0,1
17,2025-02-15,35.7200012207031,33.0699996948242,0,1
19,2025-02-15,36.25,33.5699996948242,0,1
1,2025-02-16,40.5800018310547,37.5800018310547,0,1
2,2025-02-16,43.2299995422363,40.0299987792969,0,1
21,2025-02-16,41.939998626709,38.8300018310547,0,1
3,2025-02-17,18.7700004577637,17.3799991607666,0,1
5,2025-02-17,32.6800003051758,30.2600002288818,0,1
6,2025-02-17,48.2099990844727,44.6399993896484,0,1
14,2025-02-17,23.9200000762939,22.1499996185303,0,1
2,2025-02-18,42.7099990844727,39.5400009155273,0,1
4,2025-02-19,30.1599998474121,27.9300003051758,0,1
13,2025-02-19,28.2700004577637,26.1800003051758,0,1
16,2025-02-19,52.1800003051758,48.3199996948242,0,1
22,2025-02-19,63.6199989318848,58.9099998474121,0,1
4,2025-02-20,23.5300006866455,21.7900009155273,0,1
3,2025-02-21,26.2299995422363,24.2900009155273,0,1
2,2025-02-22,27.7900009155273,25.7299995422363,0,1
7,2025-02-22,26.6499996185303,24.6800003051758,0,1
25,2025-02-22,37.0299987792969,34.2799987792969,0,1
6,2025-02-23,61.1100006103516,56.5800018310547,0,1
17,2025-02-23,36.189998626709,33.5099983215332,0,1
18,2025-02-23,21.2199993133545,19.6499996185303,0,1
14,2025-02-24,25.6900005340576,23.7800006866455,0,1
15,2025-02-24,34.8699989318848,32.2799987792969,0,1
20,2025-02-25,62.310001373291,57.7000007629395,6,2
21,2025-02-25,44.5099983215332,41.2099990844727,0,1
15,2025-02-26,28.7399997711182,26.6100006103516,0,1
16,2025-02-26,27.6399993896484,25.6000003814697,0,1
20,2025-02-26,40.2999992370605,37.310001373291,0,1
12,2025-02-27,56.810001373291,52.6100006103516,0,2
2,2025-02-28,39.5400009155273,36.6100006103516,0,1
8,2025-03-01,27.2299995422363,25.2099990844727,0,1
15,2025-03-01,34.2700004577637,31.7299995422363,0,1
19,2025-03-01,39.060001373291,36.1599998474121,0,1
23,2025-03-01,37.1699981689453,34.4199981689453,0,1
24,2025-03-01,33.0400009155273,30.5900001525879,0,1
23,2025-03-02,36.439998626709,33.7400016784668,0,1
1,2025-03-03,58.5699996948242,54.2299995422363,0,1
22,2025-03-03,44.189998626709,40.9199981689453,0,1
25,2025-03-03,24.9699993133545,23.1200008392334,6,1
2,2025-03-04,42.810001373291,39.6300010681152,0,1
4,2025-03-04,44.7700004577637,41.4500007629395,0,1
9,2025-03-04,27.4699993133545,25.4300003051758,0,1
13,2025-03-04,24.1499996185303,22.3600006103516,0,1
6,2025-03-05,37.6399993896484,34.8400001525879,6.96000003814697,1
12,2025-03-05,19.5499992370605,18.1000003814697,0,1
14,2025-03-05,38.7400016784668,35.8699989318848,0,1
19,2025-03-05,33.2400016784668,30.7700004577637,0,1
24,2025-03-05,34.439998626709,31.8899993896484,0,1
9,2025-03-06,10.0600004196167,9.31999969482422,0,1
15,2025-03-06,18.4300003051758,17.0599994659424,0,1
19,2025-03-07,40.9900016784668,37.9500007629395,0,1
23,2025-03-07,32.8800010681152,30.4500007629395,0,1
25,2025-03-07,25.3199996948242,23.4400005340576,0,1
2,2025-03-08,24.8400001525879,23,0,1
4,2025-03-08,35.7900009155273,33.1399993896484,6,1
20,2025-03-08,33.9900016784668,31.4799995422363,0,1
21,2025-03-08,37.2000007629395,34.4500007629395,0,1
25,2025-03-08,26.8400001525879,24.8600006103516,0,1
4,2025-03-09,58.7299995422363,54.3800010681152,0,1
10,2025-03-09,60.0499992370605,55.5999984741211,0,1
11,2025-03-09,49.5699996948242,45.9000015258789,9.18000030517578,1
20,2025-03-09,13.1199998855591,12.1499996185303,0,1
21,2025-03-09,16.2399997711182,15.039999961853,0,1
22,2025-03-09,22.2700004577637,20.6200008392334,0,1
24,2025-03-09,45.0400009155273,41.7000007629395,0,1
9,2025-03-10,20.4799995422363,18.9500007629395,0,1
22,2025-03-10,27.9899997711182,25.9099998474121,0,1
5,2025-03-11,35.9000015258789,33.2400016784668,0,1
11,2025-03-11,38.6500015258789,35.7900009155273,0,1
22,2025-03-11,42.3499984741211,39.2099990844727,0,1
6,2025-03-12,20.2299995422363,18.7299995422363,0,1
8,2025-03-12,20.6299991607666,19.1000003814697,6,1
15,2025-03-12,32.439998626709,30.0300006866455,0,1
24,2025-03-12,24.4500007629395,22.6299991607666,0,1
12,2025-03-13,22.4899997711182,20.8299999237061,0,1
17,2025-03-13,23.6299991607666,21.8799991607666,0,1
18,2025-03-13,31.0200004577637,28.7299995422363,0,1
4,2025-03-14,23.3199996948242,21.5900001525879,4.32000017166138,1
13,2025-03-14,64.4000015258789,59.6300010681152,0,1
14,2025-03-14,38.2599983215332,35.4199981689453,0,1
17,2025-03-14,37.2400016784668,34.4799995422363,0,1
22,2025-03-14,52.25,48.3699989318848,0,1
5,2025-03-15,46.6500015258789,43.189998626709,0,1
7,2025-03-15,21.25,19.6700000762939,0,1
15,2025-03-15,36.5699996948242,33.8600006103516,6,1
18,2025-03-15,45.2999992370605,41.9500007629395,0,1
8,2025-03-16,28.1399993896484,26.0499992370605,0,1
18,2025-03-16,65.5800018310547,60.7200012207031,0,1
11,2025-03-17,60.8199996948242,56.310001373291,0,1
1,2025-03-19,28.6000003814697,26.4899997711182,0,1
10,2025-03-19,29.3700008392334,27.2000007629395,0,1
15,2025-03-19,57.4099998474121,53.1599998474121,0,1
12,2025-03-20,34.4000015258789,31.8500003814697,0,1
13,2025-03-20,41.4700012207031,38.4000015258789,0,1
1,2025-03-21,34.2000007629395,31.6599998474121,0,1
24,2025-03-21,91.0399971008301,84.2999992370605,0,2
8,2025-03-22,29.9500007629395,27.7299995422363,0,1
20,2025-03-22,65.3899993896484,60.5400009155273,0,1
22,2025-03-22,32.5299987792969,30.1200008392334,0,1
23,2025-03-22,44.9500007629395,41.6300010681152,0,1
24,2025-03-22,43.939998626709,40.6800003051758,0,1
4,2025-03-23,26.7000007629395,24.7199993133545,0,1
9,2025-03-23,32.3899993896484,29.9899997711182,0,1
22,2025-03-23,42.439998626709,39.2900009155273,0,1
11,2025-03-24,69.1500015258789,64.0399990081787,0,2
23,2025-03-24,49.9199981689453,46.2200012207031,0,1
2,2025-03-25,29.8299999237061,27.6200008392334,0,1
15,2025-03-25,31.8500003814697,29.4899997711182,0,1
21,2025-03-25,41.4500007629395,38.3800010681152,0,1
1,2025-03-26,115.669998168945,107.099998474121,6,2
5,2025-03-26,52.25,48.3800010681152,9.68000030517578,1
11,2025-03-26,35.9599990844727,33.2999992370605,0,1
2,2025-03-27,44.1100006103516,40.8400001525879,0,1
13,2025-03-27,35.3899993896484,32.7700004577637,0,1
8,2025-03-28,56.6100006103516,52.4099998474121,0,1
17,2025-03-28,30.3600006103516,28.1100006103516,5.61999988555908,1
5,2025-03-29,43.5,40.2799987792969,0,1
13,2025-03-29,55.6199989318848,51.4900016784668,0,1
18,2025-03-31,26.3299999237061,24.3799991607666,0,1
20,2025-03-31,48.2799987792969,44.7000007629395,0,1
22,2025-03-31,12.8400001525879,11.8900003433228,0,1
25,2025-03-31,27.6700000762939,25.6200008392334,0,1
20,2025-04-01,22.5300006866455,20.8600006103516,0,1
1,2025-04-02,30.8799991607666,28.5900001525879,0,1
17,2025-04-02,42.810001373291,39.6399993896484,0,1
20,2025-04-02,62.6300010681152,57.9900016784668,11.6000003814697,1
24,2025-04-02,45.9900016784668,42.5800018310547,0,1
13,2025-04-03,30.7199993133545,28.4400005340576,0,1
25,2025-04-03,27.8600006103516,25.7999992370605,0,1
23,2025-04-04,19.9300003051758,18.4500007629395,0,1
1,2025-04-05,46.5099983215332,43.060001373291,0,1
13,2025-04-05,42.2200012207031,39.0999984741211,0,1
14,2025-04-05,42.2400016784668,39.1100006103516,0,1
25,2025-04-05,38.0499992370605,35.2299995422363,0,1
17,2025-04-06,55.4500007629395,51.3400001525879,0,1
20,2025-04-06,30.7999992370605,28.5200004577637,0,1
23,2025-04-06,51.2400016784668,47.439998626709,0,1
18,2025-04-07,32.2999992370605,29.8999996185303,0,1
20,2025-04-07,33.4900016784668,31.0100002288818,5.34000015258789,1
25,2025-04-08,37.9300003051758,35.1199989318848,0,1
2,2025-04-09,33.1199989318848,30.6700000762939,0,1
7,2025-04-09,48.5400009155273,44.939998626709,8.98999977111816,1
9,2025-04-09,27.4099998474121,25.3799991607666,0,1
12,2025-04-09,34.5999984741211,32.0400009155273,0,1
4,2025-04-10,31.4899997711182,29.1599998474121,0,1
8,2025-04-10,34.6699981689453,32.1100006103516,0,1
12,2025-04-10,33.4500007629395,30.9799995422363,0,1
15,2025-04-10,46.9500007629395,43.4700012207031,0,1
18,2025-04-10,29.8799991607666,27.6700000762939,6,1
23,2025-04-10,23.4200000762939,21.6800003051758,0,1
7,2025-04-11,41.6399993896484,38.5499992370605,0,1
21,2025-04-11,37.8199996948242,35.0200004577637,0,1
1,2025-04-12,28.8899993896484,26.7399997711182,0,1
2,2025-04-12,61.2000007629395,56.6699981689453,1.62000000476837,1
5,2025-04-12,46.75,43.2900009155273,0,1
6,2025-04-12,51.75,47.9099998474121,0,2
24,2025-04-12,35.0699996948242,32.4799995422363,0,1
8,2025-04-15,48.25,44.6699981689453,5.30999994277954,1
22,2025-04-15,25.4699993133545,23.5799999237061,5.73999977111816,1
24,2025-04-15,38.9599990844727,36.0699996948242,0,1
1,2025-04-16,62.7599983215332,58.1199989318848,0,1
5,2025-04-16,39.2000007629395,36.2999992370605,0,1
10,2025-04-16,47.5499992370605,44.0299987792969,0,1
19,2025-04-16,34.7000007629395,32.1300010681152,0,1
14,2025-04-17,46.1699981689453,42.75,0,1
3,2025-04-18,78.0599975585938,72.2799987792969,0,1
9,2025-04-18,22.2199993133545,20.5699996948242,0,1
10,2025-04-18,34.0900001525879,31.5599994659424,0,1
6,2025-04-19,22.3400001525879,20.6900005340576,0,1
12,2025-04-19,31.2800006866455,28.9599990844727,0,1
2,2025-04-20,32.5699996948242,30.1499996185303,0,1
17,2025-04-20,31.0900001525879,28.7900009155273,0,1
19,2025-04-20,54.5900001525879,50.5499992370605,0,1
25,2025-04-20,44.7900009155273,41.4700012207031,0,1
4,2025-04-21,33.1699981689453,30.7199993133545,0,1
9,2025-04-21,32.7999992370605,30.3700008392334,0,1
12,2025-04-21,31.0699996948242,28.7600002288818,0,1
21,2025-04-21,50.2999992370605,46.5699996948242,0,1
4,2025-04-22,29.3099994659424,27.1299991607666,0,1
19,2025-04-22,30.1299991607666,27.8899993896484,0,1
7,2025-04-23,32.6100006103516,30.1900005340576,0,1
13,2025-04-23,34.8499984741211,32.2700004577637,0,1
16,2025-04-23,26.2299995422363,24.2900009155273,0,1
5,2025-04-24,41.1399993896484,38.0900001525879,0,1
10,2025-04-24,18.5499992370605,17.1700000762939,0,1
14,2025-04-24,24.1900005340576,22.3999996185303,0,1
19,2025-04-24,55.2099990844727,51.1300010681152,0,1
7,2025-04-25,62.9000015258789,58.2400016784668,0,1
13,2025-04-26,23.1900005340576,21.4699993133545,0,1
25,2025-04-26,25.5100002288818,23.6200008392334,0,1
25,2025-04-27,20.1299991607666,18.6299991607666,0,1
9,2025-04-29,62.1699981689453,57.5699996948242,0,1
17,2025-04-29,25.1499996185303,23.2900009155273,0,1
21,2025-04-29,46.1399993896484,42.7200012207031,6,1
24,2025-04-29,23.2399997711182,21.5200004577637,0,1
1,2025-04-30,15.4099998474121,14.2700004577637,0,1
6,2025-04-30,34.6800003051758,32.1100006103516,0,1
8,2025-04-30,36.2999992370605,33.6100006103516,0,1
10,2025-04-30,65.0599975585938,60.2400016784668,0,1
17,2025-04-30,28.1700000762939,26.0799999237061,0,1
7,2025-05-01,53.1800003051758,49.2400016784668,0,1
10,2025-05-01,25.1299991607666,23.2700004577637,0,1
12,2025-05-01,45.6699981689453,42.2900009155273,0,1
11,2025-05-02,36.4500007629395,33.7599983215332,0,1
13,2025-05-02,13.2200002670288,12.2399997711182,2.44000005722046,1
24,2025-05-02,27.9300003051758,25.8600006103516,0,1
9,2025-05-03,43.0099983215332,39.8300018310547,0,1
10,2025-05-03,27.1800003051758,25.1599998474121,0,1
17,2025-05-03,53.6800003051758,49.7099990844727,0,1
19,2025-05-04,36.3400001525879,33.6500015258789,0,1
15,2025-05-05,84.6000022888184,78.3400001525879,0,2
2,2025-05-06,15.3000001907349,14.1700000762939,0,1
5,2025-05-06,37.2099990844727,34.4500007629395,6.8899998664856,1
6,2025-05-06,35.3800010681152,32.7599983215332,6.55000019073486,1
10,2025-05-06,34.2299995422363,31.7000007629395,0,1
15,2025-05-07,31.1200008392334,28.8099994659424,0,1
3,2025-05-08,21.5400009155273,19.9400005340576,0,1
15,2025-05-08,26.1200008392334,24.1800003051758,0,1
17,2025-05-08,25.6900005340576,23.7900009155273,6,1
20,2025-05-08,46.6699981689453,43.2200012207031,0,1
22,2025-05-08,36.4300003051758,33.7200012207031,0,1
23,2025-05-09,53.5200004577637,49.560001373291,0,1
16,2025-05-10,21.9099998474121,20.2900009155273,0,1
4,2025-05-12,32.4099998474121,30.0100002288818,0,1
12,2025-05-12,25.7299995422363,23.8299999237061,0,1
16,2025-05-12,30.7999992370605,28.5300006866455,0,1
21,2025-05-12,26.9899997711182,24.9899997711182,0,1
11,2025-05-13,46.7000007629395,43.2400016784668,0,1
16,2025-05-13,36.0999984741211,33.4300003051758,0,1
6,2025-05-14,35.560001373291,32.9300003051758,0,1
7,2025-05-14,50.6800003051758,46.9199981689453,0,1
12,2025-05-14,34.3199996948242,31.7800006866455,6.34999990463257,1
14,2025-05-14,33.6699981689453,31.1800003051758,0,1
21,2025-05-15,27.7600002288818,25.7099990844727,0,1
5,2025-05-16,39.7000007629395,36.7599983215332,0,1
7,2025-05-16,50.9199981689453,47.1500015258789,0,1
13,2025-05-16,31.7299995422363,29.3799991607666,0,1
5,2025-05-17,54.1300010681152,50.1199989318848,10.0299997329712,1
13,2025-05-17,38.75,35.8800010681152,0,1
9,2025-05-18,33.9199981689453,31.4099998474121,0,1
16,2025-05-18,33.8199996948242,31.3199996948242,0,1
7,2025-05-20,49.1599998474121,45.5200004577637,0,1
22,2025-05-20,48.060001373291,44.5,8.89999961853027,1
2,2025-05-21,47.0800018310547,43.5900001525879,0,1
8,2025-05-21,64.7599983215332,59.9599990844727,0,2
10,2025-05-21,33.7900009155273,31.2900009155273,0,1
20,2025-05-21,25.0100002288818,23.1599998474121,0,1
23,2025-05-21,23.6800003051758,21.9300003051758,0,1
7,2025-05-22,25.1800003051758,23.3199996948242,4.67000007629395,1
16,2025-05-22,56.25,52.0800018310547,0,1
25,2025-05-22,48.3300018310547,44.75,0,1
14,2025-05-23,12.9200000762939,11.960000038147,0,1
25,2025-05-23,53.8199996948242,49.8400001525879,0,1
3,2025-05-24,28.7700004577637,26.6399993896484,0,1
12,2025-05-24,41.0999984741211,38.060001373291,0,1
4,2025-05-25,19.75,18.2800006866455,0,1
18,2025-05-25,28.2199993133545,26.1299991607666,0,1
20,2025-05-25,24.5900001525879,22.7700004577637,0,1
22,2025-05-25,26.4699993133545,24.5100002288818,0,1
23,2025-05-25,38.3199996948242,35.4799995422363,0,1
25,2025-05-26,37.8600006103516,35.0499992370605,0,1
1,2025-05-27,26.9799995422363,24.9799995422363,0,1
9,2025-05-28,34.9500007629395,32.3600006103516,0,1
19,2025-05-28,35.2999992370605,32.689998626709,0,1
9,2025-05-29,32.4900016784668,30.0799999237061,6.01000022888184,1
1,2025-06-01,21.5799999237061,19.9799995422363,6,1
3,2025-06-01,24.7800006866455,22.9500007629395,0,1
7,2025-06-01,81.8800010681152,75.8199977874756,0,2
21,2025-06-01,33.1300010681152,30.6700000762939,0,1
22,2025-06-01,23.9400005340576,22.1700000762939,0,1
7,2025-06-02,42.6800003051758,39.5200004577637,0,1
17,2025-06-02,41.4099998474121,38.3400001525879,0,1
22,2025-06-02,23.4400005340576,21.7000007629395,0,1
3,2025-06-03,34.2000007629395,31.6700000762939,0,1
5,2025-06-03,29.6000003814697,27.3999996185303,0,1
13,2025-06-03,27.2900009155273,25.2700004577637,0,1
6,2025-06-04,38.9599990844727,36.0699996948242,0,1
21,2025-06-04,38.0200004577637,35.2000007629395,7.03999996185303,1
25,2025-06-04,32.0499992370605,29.6800003051758,0,1
9,2025-06-05,24.2999992370605,22.5,0,1
11,2025-06-05,33.7000007629395,31.2099990844727,0,1
16,2025-06-05,31.1900005340576,28.8799991607666,0,1
18,2025-06-06,34.560001373291,32,0,1
19,2025-06-06,35.6399993896484,33.0099983215332,0,1
22,2025-06-06,23.0400009155273,21.3400001525879,0,1
18,2025-06-07,59.3499984741211,54.9599990844727,0,1
20,2025-06-07,44.2000007629395,40.9199981689453,0,1
24,2025-06-07,21.8999996185303,20.2800006866455,0,1
13,2025-06-08,48.0200004577637,44.4599990844727,0,1
16,2025-06-09,33.1100006103516,30.6499996185303,0,1
3,2025-06-10,42.1599998474121,39.0400009155273,0,1
4,2025-06-10,29.2199993133545,27.0599994659424,0,1
5,2025-06-10,43.4300003051758,40.2099990844727,0,1
10,2025-06-10,40.5699996948242,37.560001373291,0,1
13,2025-06-11,31.1599998474121,28.8500003814697,0,1
25,2025-06-11,57.0999984741211,52.8699989318848,0,1
10,2025-06-12,54.7099990844727,50.6599998474121,0,1
19,2025-06-12,36.7700004577637,34.0499992370605,0,1
25,2025-06-12,16.7600002288818,15.5200004577637,0,1
10,2025-06-13,54.1800003051758,50.1699981689453,0,1
24,2025-06-13,61.9099979400635,57.3299980163574,0,2
16,2025-06-14,51.7999992370605,47.9700012207031,0,1
7,2025-06-15,30.1599998474121,27.9300003051758,0,1
11,2025-06-15,40.9000015258789,37.8699989318848,0,1
15,2025-06-15,30.1299991607666,27.8999996185303,0,1
24,2025-06-15,33.8499984741211,31.3400001525879,0,1
1,2025-06-16,31.1100006103516,28.8099994659424,0,1
7,2025-06-16,38.7900009155273,35.9199981689453,0,1
18,2025-06-16,62.7400016784668,58.0999984741211,0,1
23,2025-06-16,32.060001373291,29.6800003051758,0,1
24,2025-06-16,29.0900001525879,26.9300003051758,0,1
19,2025-06-17,46.7799987792969,43.3199996948242,0,1
20,2025-06-17,26.6200008392334,24.6499996185303,0,1
25,2025-06-17,32.060001373291,29.6800003051758,0,1
4,2025-06-18,35.5699996948242,32.939998626709,0,1
8,2025-06-18,47.5499992370605,44.0299987792969,0,1
9,2025-06-18,23.4899997711182,21.75,6,1
7,2025-06-19,74.4499988555908,68.9299983978271,13.7800002098083,2
9,2025-06-19,47.2299995422363,43.7400016784668,0,1
13,2025-06-19,19.4300003051758,17.9899997711182,0,1
23,2025-06-19,25.1000003814697,23.25,0,1
2,2025-06-20,19.6499996185303,18.1900005340576,0,1
7,2025-06-20,48.7400016784668,45.1199989318848,0,1
3,2025-06-21,21.6499996185303,20.0499992370605,0,1
2,2025-06-22,21.3400001525879,19.7600002288818,5.73000001907349,1
3,2025-06-22,26.5900001525879,24.6200008392334,0,1
8,2025-06-22,21.4899997711182,19.8999996185303,6,1
21,2025-06-22,18.8099994659424,17.4200000762939,0,1
16,2025-06-23,31.8799991607666,29.5200004577637,0,1
17,2025-06-23,41.5299987792969,38.4500007629395,0,1
4,2025-06-24,31.75,29.3999996185303,0,1
10,2025-06-24,35.2599983215332,32.6500015258789,0,1
11,2025-06-24,52.3400001525879,48.4599990844727,0,1
19,2025-06-24,30.6700000762939,28.3899993896484,0,1
25,2025-06-24,40.5299987792969,37.5299987792969,0,1
2,2025-06-25,34.060001373291,31.5400009155273,0,1
18,2025-06-25,44.3199996948242,41.0299987792969,6,1
23,2025-06-25,48.8699989318848,45.25,0,1
24,2025-06-25,26.1399993896484,24.2000007629395,0,1
9,2025-06-26,16.4200000762939,15.210000038147,3.04999995231628,1
20,2025-06-26,49.0800018310547,45.439998626709,6,1
23,2025-06-26,57.769998550415,53.5,0,2
5,2025-06-27,34.8699989318848,32.2900009155273,0,1
18,2025-06-27,44.1699981689453,40.9000015258789,0,1
3,2025-06-28,107.099998474121,99.1699981689453,6,2
21,2025-06-28,27.25,25.2299995422363,0,1
22,2025-06-28,34.3699989318848,31.8299999237061,0,1
23,2025-06-28,78.2100009918213,72.4299983978271,0,2
2,2025-06-29,18.7199993133545,17.3400001525879,0,1
3,2025-06-29,34.7099990844727,32.1399993896484,0,1
13,2025-06-29,39.9799995422363,37.0099983215332,0,1
20,2025-06-29,52.9000015258789,48.9799995422363,9.80000019073486,1
13,2025-06-30,54.560001373291,50.5200004577637,0,1
14,2025-06-30,26.9500007629395,24.9500007629395,0,1
14,2025-07-01,50.4700012207031,46.7299995422363,0,1
15,2025-07-01,74.3999996185303,68.8799991607666,0,2
16,2025-07-01,27.0100002288818,25,0,1
16,2025-07-02,37.0499992370605,34.310001373291,0,1
2,2025-07-03,34.7599983215332,32.189998626709,6.44000005722046,1
7,2025-07-03,34.0400009155273,31.5200004577637,0,1
16,2025-07-03,59.2599983215332,54.8699989318848,0,1
4,2025-07-05,31.6599998474121,29.3199996948242,0,1
12,2025-07-05,25.4400005340576,23.5499992370605,0,1
23,2025-07-05,52.1599998474121,48.2999992370605,0,1
2,2025-07-06,23.0699996948242,21.3600006103516,0,1
13,2025-07-06,24.2600002288818,22.4599990844727,0,1
22,2025-07-06,25,23.1499996185303,0,1
7,2025-07-07,20.9699993133545,19.4200000762939,0,1
17,2025-07-07,33.2299995422363,30.7700004577637,0,1
25,2025-07-07,20.3999996185303,18.8899993896484,0,1
2,2025-07-08,41.9799995422363,38.8600006103516,0,1
20,2025-07-08,46.1900005340576,42.7600002288818,0,2
23,2025-07-08,42.2900009155273,39.1500015258789,0,1
24,2025-07-08,32.8499984741211,30.4200000762939,0,1
12,2025-07-09,56.0499992370605,51.9000015258789,0,1
13,2025-07-09,34.7599983215332,32.189998626709,0,1
17,2025-07-09,69.5900001525879,64.4299983978271,0,2
21,2025-07-09,31.2600002288818,28.9500007629395,0,1
22,2025-07-09,33.2000007629395,30.7399997711182,0,1
1,2025-07-10,28.1499996185303,26.0699996948242,0,1
4,2025-07-10,34.5099983215332,31.9500007629395,0,1
5,2025-07-10,22.0100002288818,20.3799991607666,0,1
9,2025-07-10,43.0400009155273,39.8400001525879,0,1
15,2025-07-10,38.6800003051758,35.8199996948242,0,1
5,2025-07-11,31.5699996948242,29.2299995422363,0,1
17,2025-07-12,32.3899993896484,29.9899997711182,0,1
23,2025-07-12,33.8800010681152,31.3700008392334,0,1
24,2025-07-12,27.1200008392334,25.1100006103516,0,1
3,2025-07-13,20.3299999237061,18.8199996948242,0,1
4,2025-07-13,34.2000007629395,31.6700000762939,0,1
8,2025-07-14,24.0200004577637,22.2399997711182,0,1
16,2025-07-14,34.5099983215332,31.9599990844727,0,1
2,2025-07-15,41.2299995422363,38.1800003051758,0,1
11,2025-07-15,26.8999996185303,24.9099998474121,0,1
15,2025-07-15,45.2900009155273,41.939998626709,0,1
9,2025-07-16,31.2600002288818,28.9400005340576,0,1
17,2025-07-16,41.560001373291,38.4799995422363,0,1
2,2025-07-17,28.1700000762939,26.0900001525879,5.21999979019165,1
5,2025-07-17,29.9699993133545,27.75,0,1
6,2025-07-17,55.6199989318848,51.5,0,1
9,2025-07-17,33.2000007629395,30.7399997711182,0,1
2,2025-07-18,34.5999984741211,32.0400009155273,0,1
7,2025-07-18,34.5299987792969,31.9799995422363,0,1
10,2025-07-18,73.9300003051758,68.4499969482422,0,1
4,2025-07-19,28.1200008392334,26.0499992370605,0,1
18,2025-07-19,26.4899997711182,24.5300006866455,0,1
6,2025-07-20,36.0499992370605,33.3800010681152,10.4799995422363,1
7,2025-07-20,60.3199996948242,55.8499984741211,0,1
19,2025-07-20,30.7000007629395,28.4300003051758,0,1
3,2025-07-21,33.7999992370605,31.2900009155273,0,1
8,2025-07-21,63.269998550415,58.5900001525879,0,2
10,2025-07-21,24.6599998474121,22.8299999237061,4.57000017166138,1
14,2025-07-22,28.3299999237061,26.2299995422363,0,1
16,2025-07-22,54.3299999237061,50.3099994659424,0,2
4,2025-07-23,30.8099994659424,28.5200004577637,6,1
12,2025-07-23,34.5099983215332,31.9599990844727,0,1
16,2025-07-23,24.9400005340576,23.0900001525879,0,1
8,2025-07-24,34.8600006103516,32.2799987792969,0,1
15,2025-07-24,18.0799999237061,16.7399997711182,0,1
18,2025-07-24,34.1300010681152,31.6100006103516,0,1
21,2025-07-24,36.8300018310547,34.1100006103516,0,1
25,2025-07-24,31.6399993896484,29.2999992370605,0,1
12,2025-07-25,21.3600006103516,19.7800006866455,0.419999986886978,1
1,2025-07-26,34.8600006103516,32.2799987792969,0,1
21,2025-07-26,49.5800018310547,45.9099998474121,0,1
23,2025-07-26,30.0699996948242,27.8500003814697,0,1
25,2025-07-26,24.1800003051758,22.3899993896484,0,1
6,2025-07-27,27.9200000762939,25.8500003814697,0,1
14,2025-07-27,26.7900009155273,24.8099994659424,0,1
5,2025-07-28,17.5400009155273,16.2399997711182,0,1
15,2025-07-28,43.4300003051758,40.2099990844727,8.03999996185303,1
18,2025-07-29,40.0299987792969,37.060001373291,0,1
2,2025-07-30,24.7999992370605,22.9599990844727,0,1
5,2025-07-30,59.3199996948242,54.9199981689453,0,1
9,2025-07-30,25.9899997711182,24.0599994659424,0,1
3,2025-07-31,30.7999992370605,28.5100002288818,0,1
4,2025-07-31,33.4099998474121,30.9400005340576,0,1
13,2025-07-31,30.9599990844727,28.6599998474121,0,1
16,2025-07-31,21.2700004577637,19.7000007629395,0,1
11,2025-08-01,25.5900001525879,23.6900005340576,0,1
20,2025-08-01,27.5400009155273,25.5,0,1
25,2025-08-01,57.9799995422363,53.6800003051758,0,2
2,2025-08-02,45.7900009155273,42.4099998474121,0,1
3,2025-08-02,41.2000007629395,38.1399993896484,0,1
10,2025-08-02,23.6499996185303,21.8999996185303,0,1
24,2025-08-03,45.7599983215332,42.3800010681152,0,1
14,2025-08-04,30.8099994659424,28.5200004577637,0,1
24,2025-08-04,25.9300003051758,24.0100002288818,0,1
25,2025-08-04,46.4500007629395,43.0099983215332,0,1
8,2025-08-05,34.9099998474121,32.3199996948242,0,1
4,2025-08-06,36.9300003051758,34.189998626709,0,1
13,2025-08-06,43.0499992370605,39.8600006103516,22.2000007629395,1
15,2025-08-06,74.370002746582,68.8600006103516,0,1
18,2025-08-06,37.7700004577637,34.9700012207031,7,1
21,2025-08-06,19.5599994659424,18.1100006103516,0,1
12,2025-08-07,65.4899978637695,60.6300010681152,0,1
24,2025-08-07,89.6199989318848,82.9800033569336,0,2
5,2025-08-09,40.3499984741211,37.3600006103516,0,1
11,2025-08-09,51.8600006103516,48.0200004577637,0,1
16,2025-08-09,54.1300010681152,50.1199989318848,0,1
22,2025-08-09,36.4599990844727,33.7599983215332,6,1
24,2025-08-09,45.5900001525879,42.2200012207031,0,1
22,2025-08-10,33.8300018310547,31.3199996948242,0,1
22,2025-08-11,31.5200004577637,29.1900005340576,0,1
6,2025-08-12,17.7800006866455,16.4599990844727,5.57999992370605,1
9,2025-08-12,31.6399993896484,29.2999992370605,0,1
13,2025-08-12,32.3499984741211,29.9500007629395,0,1
20,2025-08-12,52.3899993896484,48.5,0,1
10,2025-08-13,27.5599994659424,25.5200004577637,0,1
13,2025-08-13,72.6900024414063,67.3000030517578,0,1
14,2025-08-13,25.2700004577637,23.3999996185303,0,1
23,2025-08-13,32.3300018310547,29.9300003051758,0,1
7,2025-08-14,35.6599998474121,33.0200004577637,0,1
8,2025-08-14,62.1800003051758,57.5699996948242,0,2
10,2025-08-14,30.5100002288818,28.25,0,1
18,2025-08-14,25.5100002288818,23.6200008392334,0,1
4,2025-08-15,27.9099998474121,25.8400001525879,0,1
6,2025-08-15,61.5200023651123,56.9599990844727,0,2
20,2025-08-15,86.3899993896484,79.9799995422363,0,2
5,2025-08-16,32.5800018310547,30.1700000762939,0,1
18,2025-08-16,25.8899993896484,23.9699993133545,0,1
21,2025-08-16,16.0699996948242,14.8800001144409,0,1
13,2025-08-17,33.75,31.25,0,1
4,2025-08-18,48,44.439998626709,0,1
5,2025-08-18,34.5499992370605,31.9899997711182,0,1
22,2025-08-19,37.2099990844727,34.4599990844727,0,1
1,2025-08-20,34.6800003051758,32.1100006103516,0,1
6,2025-08-20,30.25,28.0100002288818,0,1
14,2025-08-20,29.6900005340576,27.4899997711182,0,1
16,2025-08-20,36.5900001525879,33.8800010681152,0,1
25,2025-08-20,34.75,32.1699981689453,0,1
4,2025-08-21,21.4200000762939,19.8299999237061,0,1
6,2025-08-21,27.5799999237061,25.5400009155273,0,1
8,2025-08-21,34.8199996948242,32.2400016784668,0,1
19,2025-08-21,21.1200008392334,19.5599994659424,0,1
2,2025-08-22,26.9099998474121,24.9099998474121,0,1
5,2025-08-22,34.2999992370605,31.7600002288818,0,1
1,2025-08-23,32.8199996948242,30.3999996185303,0,1
4,2025-08-23,96.5699996948242,89.4199981689453,8.75,2
14,2025-08-23,20.5400009155273,19.0300006866455,5.78999996185303,1
16,2025-08-23,29.3500003814697,27.1800003051758,0,1
5,2025-08-25,27.2900009155273,25.2600002288818,0,1
19,2025-08-25,33.7599983215332,31.2600002288818,0,1
4,2025-08-26,19.4200000762939,17.9899997711182,6,1
13,2025-08-27,92.1800003051758,85.3499984741211,0,3
20,2025-08-27,54.75,50.689998626709,0,1
23,2025-08-27,36.7299995422363,34.0099983215332,6.78999996185303,1
18,2025-08-28,23.3899993896484,21.6599998474121,0,1
4,2025-08-29,42.7099990844727,39.5499992370605,6,1
8,2025-08-29,44.9099998474121,41.5900001525879,0,1
9,2025-08-29,33.9799995422363,31.4699993133545,0,1
1,2025-08-30,37.4199981689453,34.6500015258789,0,1
3,2025-08-30,49.4000015258789,45.7400016784668,0,1
14,2025-08-30,20.5,18.9899997711182,0,1
16,2025-08-30,68.7900009155273,63.6900005340576,0,2
22,2025-08-30,68.1499977111816,63.1199989318848,0,2
24,2025-08-30,26,24.0799999237061,0,1
2,2025-08-31,31.4200000762939,29.0900001525879,0,1
23,2025-08-31,54.939998626709,50.8699989318848,6,1
9,2025-09-01,50.2299995422363,46.5200004577637,0,1
13,2025-09-01,29.0900001525879,26.9300003051758,0,1
14,2025-09-01,33.6100006103516,31.1100006103516,0,1
16,2025-09-01,49.2000007629395,45.560001373291,6,1
17,2025-09-01,57.2799987792969,53.0400009155273,0,1
23,2025-09-01,28.5799999237061,26.4699993133545,0,1
5,2025-09-02,18.5499992370605,17.1700000762939,0,1
9,2025-09-02,30.8199996948242,28.5400009155273,0,1
20,2025-09-02,58.75,54.3999996185303,0,2
3,2025-09-03,77.1099967956543,71.3899974822998,0,2
11,2025-09-03,32.189998626709,29.8099994659424,0,1
3,2025-09-04,24.2999992370605,22.5,0,1
23,2025-09-04,50.7000007629395,46.939998626709,0,1
8,2025-09-05,50.189998626709,46.4700012207031,0,1
13,2025-09-05,54.939998626709,50.8699989318848,10.1800003051758,1
21,2025-09-05,23.2099990844727,21.4899997711182,0,1
